{
  "default_fov": 75.0,
  "default_transition_sec": 2.0,
  "keyframes": [
    {
      "matrix": [
        -0.9230576976914029,
        -0.2683548756181633,
        0.2755905431334802,
        0.11649368917534361,
        0.3846615222928419,
        -0.6439610392426665,
        0.6613241967483561,
        0.3797092085858459,
        2.7755575615628914e-17,
        0.7164494683293896,
        0.6976389892562879,
        0.025316966467852087,
        0,
        0,
        0,
        1
      ],
      "fov": 50,
      "aspect": 1,
      "override_transition_enabled": false,
      "override_transition_sec": null
    },
    {
      "matrix": [
        -0.6931672564578717,
        0.4709717133741888,
        -0.545623313079681,
        -0.346664183421688,
        -0.7207767716669751,
        -0.45293103671171964,
        0.5247230902186216,
        0.21836175477815514,
        5.551115123125783e-17,
        0.7569934749947501,
        0.6534224351943942,
        -0.03938122930478455,
        0,
        0,
        0,
        1
      ],
      "fov": 50,
      "aspect": 1,
      "override_transition_enabled": false,
      "override_transition_sec": null
    },
    {
      "matrix": [
        -0.015873382078872122,
        0.9980747166302778,
        -0.059957449618614406,
        -0.09993384913758341,
        -0.9998740099339406,
        -0.01584481760995171,
        0.0009518474295915208,
        -0.031588304720335116,
        -6.938893903907228e-18,
        0.05996500461350691,
        0.9982004799746903,
        0.43139317965267054,
        0,
        0,
        0,
        1
      ],
      "fov": 50,
      "aspect": 1,
      "override_transition_enabled": false,
      "override_transition_sec": null
    },
    {
      "matrix": [
        0.9816874000144636,
        0.0947865952460323,
        -0.16524330550587285,
        -0.09827879104395683,
        -0.19049894659247432,
        0.4884583768453068,
        -0.8515389394718281,
        -0.6969188994536605,
        2.7755575615628914e-17,
        0.8674237231315,
        0.49757018052601076,
        -0.032677149507828074,
        0,
        0,
        0,
        1
      ],
      "fov": 50,
      "aspect": 1,
      "override_transition_enabled": false,
      "override_transition_sec": null
    }
  ],
  "render_height": 540,
  "render_width": 960
}