{
  "default_fov": 75.0,
  "default_transition_sec": 2.0,
  "keyframes": [
    {
      "matrix": [
        -0.6558917809203366,
        -0.1604922667679915,
        0.7375962337409411,
        0.0971368914093588,
        0.7548549342232249,
        -0.1394513752271116,
        0.6408957342860989,
        0.44806411844776717,
        -5.551115123125783e-17,
        0.9771364010489729,
        0.2126133903239887,
        0.09251253213992124,
        0,
        0,
        0,
        1
      ],
      "fov": 50,
      "aspect": 1,
      "override_transition_enabled": false,
      "override_transition_sec": null
    },
    {
      "matrix": [
        0.25672934031087175,
        -0.12935976845115402,
        0.9577870828789707,
        -0.3182808274972938,
        0.9664833396513073,
        0.034362152615288626,
        -0.2544193322923772,
        0.005395194888273835,
        -2.2204460492503126e-16,
        0.9910021658775057,
        0.1338458338017757,
        0.06552260026383899,
        0,
        0,
        0,
        1
      ],
      "fov": 50,
      "aspect": 1,
      "override_transition_enabled": false,
      "override_transition_sec": null
    },
    {
      "matrix": [
        -0.9409289529932907,
        -0.11427533846765629,
        0.31873790555415954,
        -0.6752513922257388,
        0.338604054049785,
        -0.3175537129319674,
        0.8857239603760145,
        0.3864027782943382,
        2.7755575615628907e-17,
        0.9413292656776502,
        0.33748957551126774,
        0.0739329688513527,
        0,
        0,
        0,
        1
      ],
      "fov": 50,
      "aspect": 1,
      "override_transition_enabled": false,
      "override_transition_sec": null
    },
    {
      "matrix": [
        -0.8077723812278443,
        -0.23186478639272168,
        0.5419801665712094,
        0.08222585509794637,
        0.5894945123794608,
        -0.31771961688215367,
        0.7426644362851632,
        0.13409226495286652,
        5.551115123125783e-17,
        0.9193981541635349,
        0.3933281506842409,
        0.09301110670462628,
        0,
        0,
        0,
        1
      ],
      "fov": 50,
      "aspect": 1,
      "override_transition_enabled": false,
      "override_transition_sec": null
    }
  ],
  "render_height": 540,
  "render_width": 960
}