{
  "default_fov": 75.0,
  "default_transition_sec": 2.0,
  "keyframes": [
    {
      "matrix": [
        -0.05877162322957585,
        0.9319565085273516,
        -0.35777501661864164,
        -0.13614858174742356,
        -0.9982714542162172,
        -0.054867437663560725,
        0.021063427576595517,
        0.1729100319081867,
        -2.7755575615628914e-17,
        0.3583945179515778,
        0.9335702274078026,
        0.06461933098003961,
        0,
        0,
        0,
        1
      ],
      "fov": 50,
      "aspect": 1,
      "override_transition_enabled": false,
      "override_transition_sec": null
    },
    {
      "matrix": [
        -0.058771623229579184,
        0.9319565085273513,
        -0.3577750166186415,
        -0.09893998001908426,
        -0.9982714542162168,
        -0.054867437663564056,
        0.021063427576596877,
        0.17071943544022103,
        0,
        0.3583945179515776,
        0.9335702274078026,
        -0.03247197267037333,
        0,
        0,
        0,
        1
      ],
      "fov": 50,
      "aspect": 1,
      "override_transition_enabled": false,
      "override_transition_sec": null
    },
    {
      "matrix": [
        0.18043668926112866,
        0.5748944191792558,
        -0.7980845869737299,
        -0.3549239990073866,
        -0.9835866007467176,
        0.10546305286454016,
        -0.14640677344989306,
        0.07261477213030022,
        0,
        0.8114024594965419,
        0.5844878516470318,
        -0.15601266157390886,
        0,
        0,
        0,
        1
      ],
      "fov": 50,
      "aspect": 1,
      "override_transition_enabled": false,
      "override_transition_sec": null
    },
    {
      "matrix": [
        0.38151102452944674,
        0.47861318969467326,
        -0.7908089230735719,
        -0.2538713749915079,
        -0.9243642886668069,
        0.1975370647616388,
        -0.32638898554158385,
        0.052352629492385325,
        -1.1102230246251565e-16,
        0.8555165239173623,
        0.5177755085984207,
        -0.19571095603014255,
        0,
        0,
        0,
        1
      ],
      "fov": 50,
      "aspect": 1,
      "override_transition_enabled": false,
      "override_transition_sec": null
    }
  ],
  "render_height": 540,
  "render_width": 960
}