{
  "default_fov": 75.0,
  "default_transition_sec": 2.0,
  "keyframes": [
    {
      "matrix": [
        0.8222755722004348,
        -0.34632698261157474,
        0.4515755800279831,
        0.3211004916457817,
        0.569089521395753,
        0.5004067147413617,
        -0.6524800659631758,
        -0.4847146264778958,
        5.551115123125782e-17,
        0.7935053503013827,
        0.6085632744777493,
        0.16212518171028806,
        0,
        0,
        0, 
        1
      ],
      "fov": 50,
      "aspect": 1,
      "override_transition_enabled": false,
      "override_transition_sec": null
    },
    {
      "matrix": [
        0.49308699286297897,
        -0.6502859210338834,
        0.5779216541837295,
        0.19008814398733315,
        0.8699800098101936,
        0.36856884720108324,
        -0.3275542510844882,
        -0.0691718335425151,
        5.551115123125783e-17,
        0.6642930270430197,
        0.7474722564898457,
        -0.0743907479884151,
        0,
        0, 
        0,
        1
      ],
      "fov": 50,
      "aspect": 1,
      "override_transition_enabled": false,
      "override_transition_sec": null
    },
    {
      "matrix": [
        -0.4298850433476342,
        -0.5422700350399241,
        0.7219016959419076,
        0.3225702319626466,
        0.9028836301019101,
        -0.25818806515846227,
        0.34371510514338316,
        -0.12868434395206432,
        0,
        0.7995512066825547,
        0.6005979253148238,
        0.015620498009930456,
        0,
        0,
        0,
        1
      ],
      "fov": 50,
      "aspect": 1,
      "override_transition_enabled": false,
      "override_transition_sec": null
    }
  ],
  "render_height": 540,
  "render_width": 960
}