{
  "default_fov": 75.0,
  "default_transition_sec": 2.0,
  "keyframes": [
    {
      "matrix": [
        -0.34721700118157717,
        -0.5707013960996041,
        0.7441372659532887,
        0.3075549016831236,
        0.9377848122519754,
        -0.2113035151934204,
        0.27551854815317145,
        0.10726865258248335,
        0,
        0.7935053503013492,
        0.6085632744777927,
        0.10616679775435797,
        0,
        0,
        0,
        1
      ],
      "fov": 50,
      "aspect": 1,
      "override_transition_enabled": false,
      "override_transition_sec": null
    },
    {
      "matrix": [
        0.7279986285974289,
        -0.40071235451616244,
        0.5562801503724323,
        0.15624318470533388,
        0.6855785854008734,
        0.42550635443089124,
        -0.5906998777540673,
        -0.3597134039766847,
        0,
        0.8114024594965472,
        0.5844878516470244,
        0.03667719055561422,
        0,
        0,
        0,
        1
      ],
      "fov": 50,
      "aspect": 1,
      "override_transition_enabled": false,
      "override_transition_sec": null
    },
    {
      "matrix": [
        0.8604715611188068,
        0.2767616959615719,
        -0.42777524023047186,
        -0.30873458861166203,
        -0.5094984715440896,
        0.46741174288554144,
        -0.7224524690987892,
        -0.35451785912420936,
        8.326672684688674e-17,
        0.8396006349814029,
        0.5432041731603552,
        0.053822485736495035,
        0,
        0,
        0,
        1
      ],
      "fov": 50,
      "aspect": 1,
      "override_transition_enabled": false,
      "override_transition_sec": null
    },
    {
      "matrix": [
        -0.35955144191807475,
        -0.8976700183876815,
        0.25477695873546563,
        0.03765133602813902,
        0.9331252652321839,
        -0.34588984084318586,
        0.09817055254424487,
        0.02375392483142337,
        0,
        0.2730361809162579,
        0.9620037650189652,
        0.26965523824638776,
        0,
        0,
        0,
        1
      ],
      "fov": 50,
      "aspect": 1,
      "override_transition_enabled": false,
      "override_transition_sec": null
    }
  ],
  "render_height": 540,
  "render_width": 960
}